oid,collname,collprovider,collisdeterministic,collencoding,collctype,collcollate,colllocale,collicurules,collversion
100,default,d,t,-1,,,,,
811,pg_c_utf8,b,t,6,,,C.UTF-8,,1
950,C,c,t,-1,C,C,,,
951,POSIX,c,t,-1,POSIX,POSIX,,,
962,ucs_basic,b,t,6,,,C,,1
963,unicode,i,t,-1,,,und,,153.121
12351,C.utf8,c,t,6,C.utf8,C.utf8,,,
12352,und-x-icu,i,t,-1,,,und,,153.121
12353,af-x-icu,i,t,-1,,,af,,153.121.44.8
12354,af-NA-x-icu,i,t,-1,,,af-NA,,153.121.44.8
12355,af-ZA-x-icu,i,t,-1,,,af-ZA,,153.121.44.8
12356,agq-x-icu,i,t,-1,,,agq,,153.121
12357,agq-CM-x-icu,i,t,-1,,,agq-CM,,153.121
12358,ak-x-icu,i,t,-1,,,ak,,153.121
12359,ak-GH-x-icu,i,t,-1,,,ak-GH,,153.121
12360,am-x-icu,i,t,-1,,,am,,153.121.44.8
12361,am-ET-x-icu,i,t,-1,,,am-ET,,153.121.44.8
12362,ar-x-icu,i,t,-1,,,ar,,153.121.44.8
12363,ar-001-x-icu,i,t,-1,,,ar-001,,153.121.44.8
12364,ar-AE-x-icu,i,t,-1,,,ar-AE,,153.121.44.8
12365,ar-BH-x-icu,i,t,-1,,,ar-BH,,153.121.44.8
12366,ar-DJ-x-icu,i,t,-1,,,ar-DJ,,153.121.44.8
12367,ar-DZ-x-icu,i,t,-1,,,ar-DZ,,153.121.44.8
12368,ar-EG-x-icu,i,t,-1,,,ar-EG,,153.121.44.8
12369,ar-EH-x-icu,i,t,-1,,,ar-EH,,153.121.44.8
12370,ar-ER-x-icu,i,t,-1,,,ar-ER,,153.121.44.8
12371,ar-IL-x-icu,i,t,-1,,,ar-IL,,153.121.44.8
12372,ar-IQ-x-icu,i,t,-1,,,ar-IQ,,153.121.44.8
12373,ar-JO-x-icu,i,t,-1,,,ar-JO,,153.121.44.8
12374,ar-KM-x-icu,i,t,-1,,,ar-KM,,153.121.44.8
12375,ar-KW-x-icu,i,t,-1,,,ar-KW,,153.121.44.8
12376,ar-LB-x-icu,i,t,-1,,,ar-LB,,153.121.44.8
12377,ar-LY-x-icu,i,t,-1,,,ar-LY,,153.121.44.8
12378,ar-MA-x-icu,i,t,-1,,,ar-MA,,153.121.44.8
12379,ar-MR-x-icu,i,t,-1,,,ar-MR,,153.121.44.8
12380,ar-OM-x-icu,i,t,-1,,,ar-OM,,153.121.44.8
12381,ar-PS-x-icu,i,t,-1,,,ar-PS,,153.121.44.8
12382,ar-QA-x-icu,i,t,-1,,,ar-QA,,153.121.44.8
12383,ar-SA-x-icu,i,t,-1,,,ar-SA,,153.121.44.8
12384,ar-SD-x-icu,i,t,-1,,,ar-SD,,153.121.44.8
12385,ar-SO-x-icu,i,t,-1,,,ar-SO,,153.121.44.8
12386,ar-SS-x-icu,i,t,-1,,,ar-SS,,153.121.44.8
12387,ar-SY-x-icu,i,t,-1,,,ar-SY,,153.121.44.8
12388,ar-TD-x-icu,i,t,-1,,,ar-TD,,153.121.44.8
12389,ar-TN-x-icu,i,t,-1,,,ar-TN,,153.121.44.8
12390,ar-YE-x-icu,i,t,-1,,,ar-YE,,153.121.44.8
12391,as-x-icu,i,t,-1,,,as,,153.121.44.8
12392,as-IN-x-icu,i,t,-1,,,as-IN,,153.121.44.8
12393,asa-x-icu,i,t,-1,,,asa,,153.121
12394,asa-TZ-x-icu,i,t,-1,,,asa-TZ,,153.121
12395,ast-x-icu,i,t,-1,,,ast,,153.121
12396,ast-ES-x-icu,i,t,-1,,,ast-ES,,153.121
12397,az-x-icu,i,t,-1,,,az,,153.121.44.8
12398,az-Cyrl-x-icu,i,t,-1,,,az-Cyrl,,153.121.44.8
12399,az-Cyrl-AZ-x-icu,i,t,-1,,,az-Cyrl-AZ,,153.121.44.8
12400,az-Latn-x-icu,i,t,-1,,,az-Latn,,153.121.44.8
12401,az-Latn-AZ-x-icu,i,t,-1,,,az-Latn-AZ,,153.121.44.8
12402,bas-x-icu,i,t,-1,,,bas,,153.121
12403,bas-CM-x-icu,i,t,-1,,,bas-CM,,153.121
12404,be-x-icu,i,t,-1,,,be,,153.121.44.8
12405,be-BY-x-icu,i,t,-1,,,be-BY,,153.121.44.8
12406,bem-x-icu,i,t,-1,,,bem,,153.121
12407,bem-ZM-x-icu,i,t,-1,,,bem-ZM,,153.121
12408,bez-x-icu,i,t,-1,,,bez,,153.121
12409,bez-TZ-x-icu,i,t,-1,,,bez-TZ,,153.121
12410,bg-x-icu,i,t,-1,,,bg,,153.121.44.8
12411,bg-BG-x-icu,i,t,-1,,,bg-BG,,153.121.44.8
12412,bgc-x-icu,i,t,-1,,,bgc,,153.121
12413,bgc-IN-x-icu,i,t,-1,,,bgc-IN,,153.121
12414,bho-x-icu,i,t,-1,,,bho,,153.121
12415,bho-IN-x-icu,i,t,-1,,,bho-IN,,153.121
12416,blo-x-icu,i,t,-1,,,blo,,153.121
12417,blo-BJ-x-icu,i,t,-1,,,blo-BJ,,153.121
12418,bm-x-icu,i,t,-1,,,bm,,153.121
12419,bm-ML-x-icu,i,t,-1,,,bm-ML,,153.121
12420,bn-x-icu,i,t,-1,,,bn,,153.121.44.8
12421,bn-BD-x-icu,i,t,-1,,,bn-BD,,153.121.44.8
12422,bn-IN-x-icu,i,t,-1,,,bn-IN,,153.121.44.8
12423,bo-x-icu,i,t,-1,,,bo,,153.121.44.8
12424,bo-CN-x-icu,i,t,-1,,,bo-CN,,153.121.44.8
12425,bo-IN-x-icu,i,t,-1,,,bo-IN,,153.121.44.8
12426,br-x-icu,i,t,-1,,,br,,153.121.44.8
12427,br-FR-x-icu,i,t,-1,,,br-FR,,153.121.44.8
12428,brx-x-icu,i,t,-1,,,brx,,153.121
12429,brx-IN-x-icu,i,t,-1,,,brx-IN,,153.121
12430,bs-x-icu,i,t,-1,,,bs,,153.121.44.8
12431,bs-Cyrl-x-icu,i,t,-1,,,bs-Cyrl,,153.121.44.8
12432,bs-Cyrl-BA-x-icu,i,t,-1,,,bs-Cyrl-BA,,153.121.44.8
12433,bs-Latn-x-icu,i,t,-1,,,bs-Latn,,153.121.44.8
12434,bs-Latn-BA-x-icu,i,t,-1,,,bs-Latn-BA,,153.121.44.8
12435,ca-x-icu,i,t,-1,,,ca,,153.121
12436,ca-AD-x-icu,i,t,-1,,,ca-AD,,153.121
12437,ca-ES-x-icu,i,t,-1,,,ca-ES,,153.121
12438,ca-FR-x-icu,i,t,-1,,,ca-FR,,153.121
12439,ca-IT-x-icu,i,t,-1,,,ca-IT,,153.121
12440,ccp-x-icu,i,t,-1,,,ccp,,153.121
12441,ccp-BD-x-icu,i,t,-1,,,ccp-BD,,153.121
12442,ccp-IN-x-icu,i,t,-1,,,ccp-IN,,153.121
12443,ce-x-icu,i,t,-1,,,ce,,153.121
12444,ce-RU-x-icu,i,t,-1,,,ce-RU,,153.121
12445,ceb-x-icu,i,t,-1,,,ceb,,153.121.44.8
12446,ceb-PH-x-icu,i,t,-1,,,ceb-PH,,153.121.44.8
12447,cgg-x-icu,i,t,-1,,,cgg,,153.121
12448,cgg-UG-x-icu,i,t,-1,,,cgg-UG,,153.121
12449,chr-x-icu,i,t,-1,,,chr,,153.121.44.8
12450,chr-US-x-icu,i,t,-1,,,chr-US,,153.121.44.8
12451,ckb-x-icu,i,t,-1,,,ckb,,153.121
12452,ckb-IQ-x-icu,i,t,-1,,,ckb-IQ,,153.121
12453,ckb-IR-x-icu,i,t,-1,,,ckb-IR,,153.121
12454,cs-x-icu,i,t,-1,,,cs,,153.121.44.8
12455,cs-CZ-x-icu,i,t,-1,,,cs-CZ,,153.121.44.8
12456,csw-x-icu,i,t,-1,,,csw,,153.121
12457,csw-CA-x-icu,i,t,-1,,,csw-CA,,153.121
12458,cv-x-icu,i,t,-1,,,cv,,153.121
12459,cv-RU-x-icu,i,t,-1,,,cv-RU,,153.121
12460,cy-x-icu,i,t,-1,,,cy,,153.121.44.8
12461,cy-GB-x-icu,i,t,-1,,,cy-GB,,153.121.44.8
12462,da-x-icu,i,t,-1,,,da,,153.121.44.8
12463,da-DK-x-icu,i,t,-1,,,da-DK,,153.121.44.8
12464,da-GL-x-icu,i,t,-1,,,da-GL,,153.121.44.8
12465,dav-x-icu,i,t,-1,,,dav,,153.121
12466,dav-KE-x-icu,i,t,-1,,,dav-KE,,153.121
12467,de-x-icu,i,t,-1,,,de,,153.121
12468,de-AT-x-icu,i,t,-1,,,de-AT,,153.121
12469,de-BE-x-icu,i,t,-1,,,de-BE,,153.121
12470,de-CH-x-icu,i,t,-1,,,de-CH,,153.121
12471,de-DE-x-icu,i,t,-1,,,de-DE,,153.121
12472,de-IT-x-icu,i,t,-1,,,de-IT,,153.121
12473,de-LI-x-icu,i,t,-1,,,de-LI,,153.121
12474,de-LU-x-icu,i,t,-1,,,de-LU,,153.121
12475,dje-x-icu,i,t,-1,,,dje,,153.121
12476,dje-NE-x-icu,i,t,-1,,,dje-NE,,153.121
12477,doi-x-icu,i,t,-1,,,doi,,153.121
12478,doi-IN-x-icu,i,t,-1,,,doi-IN,,153.121
12479,dsb-x-icu,i,t,-1,,,dsb,,153.121.44.8
12480,dsb-DE-x-icu,i,t,-1,,,dsb-DE,,153.121.44.8
12481,dua-x-icu,i,t,-1,,,dua,,153.121
12482,dua-CM-x-icu,i,t,-1,,,dua-CM,,153.121
12483,dyo-x-icu,i,t,-1,,,dyo,,153.121
12484,dyo-SN-x-icu,i,t,-1,,,dyo-SN,,153.121
12485,dz-x-icu,i,t,-1,,,dz,,153.121
12486,dz-BT-x-icu,i,t,-1,,,dz-BT,,153.121
12487,ebu-x-icu,i,t,-1,,,ebu,,153.121
12488,ebu-KE-x-icu,i,t,-1,,,ebu-KE,,153.121
12489,ee-x-icu,i,t,-1,,,ee,,153.121.44.8
12490,ee-GH-x-icu,i,t,-1,,,ee-GH,,153.121.44.8
12491,ee-TG-x-icu,i,t,-1,,,ee-TG,,153.121.44.8
12492,el-x-icu,i,t,-1,,,el,,153.121.44.8
12493,el-CY-x-icu,i,t,-1,,,el-CY,,153.121.44.8
12494,el-GR-x-icu,i,t,-1,,,el-GR,,153.121.44.8
12495,en-x-icu,i,t,-1,,,en,,153.121
12496,en-001-x-icu,i,t,-1,,,en-001,,153.121
12497,en-150-x-icu,i,t,-1,,,en-150,,153.121
12498,en-AE-x-icu,i,t,-1,,,en-AE,,153.121
12499,en-AG-x-icu,i,t,-1,,,en-AG,,153.121
12500,en-AI-x-icu,i,t,-1,,,en-AI,,153.121
12501,en-AS-x-icu,i,t,-1,,,en-AS,,153.121
12502,en-AT-x-icu,i,t,-1,,,en-AT,,153.121
12503,en-AU-x-icu,i,t,-1,,,en-AU,,153.121
12504,en-BB-x-icu,i,t,-1,,,en-BB,,153.121
12505,en-BE-x-icu,i,t,-1,,,en-BE,,153.121
12506,en-BI-x-icu,i,t,-1,,,en-BI,,153.121
12507,en-BM-x-icu,i,t,-1,,,en-BM,,153.121
12508,en-BS-x-icu,i,t,-1,,,en-BS,,153.121
12509,en-BW-x-icu,i,t,-1,,,en-BW,,153.121
12510,en-BZ-x-icu,i,t,-1,,,en-BZ,,153.121
12511,en-CA-x-icu,i,t,-1,,,en-CA,,153.121
12512,en-CC-x-icu,i,t,-1,,,en-CC,,153.121
12513,en-CH-x-icu,i,t,-1,,,en-CH,,153.121
12514,en-CK-x-icu,i,t,-1,,,en-CK,,153.121
12515,en-CM-x-icu,i,t,-1,,,en-CM,,153.121
12516,en-CX-x-icu,i,t,-1,,,en-CX,,153.121
12517,en-CY-x-icu,i,t,-1,,,en-CY,,153.121
12518,en-DE-x-icu,i,t,-1,,,en-DE,,153.121
12519,en-DG-x-icu,i,t,-1,,,en-DG,,153.121
12520,en-DK-x-icu,i,t,-1,,,en-DK,,153.121
12521,en-DM-x-icu,i,t,-1,,,en-DM,,153.121
12522,en-ER-x-icu,i,t,-1,,,en-ER,,153.121
12523,en-FI-x-icu,i,t,-1,,,en-FI,,153.121
12524,en-FJ-x-icu,i,t,-1,,,en-FJ,,153.121
12525,en-FK-x-icu,i,t,-1,,,en-FK,,153.121
12526,en-FM-x-icu,i,t,-1,,,en-FM,,153.121
12527,en-GB-x-icu,i,t,-1,,,en-GB,,153.121
12528,en-GD-x-icu,i,t,-1,,,en-GD,,153.121
12529,en-GG-x-icu,i,t,-1,,,en-GG,,153.121
12530,en-GH-x-icu,i,t,-1,,,en-GH,,153.121
12531,en-GI-x-icu,i,t,-1,,,en-GI,,153.121
12532,en-GM-x-icu,i,t,-1,,,en-GM,,153.121
12533,en-GU-x-icu,i,t,-1,,,en-GU,,153.121
12534,en-GY-x-icu,i,t,-1,,,en-GY,,153.121
12535,en-HK-x-icu,i,t,-1,,,en-HK,,153.121
12536,en-ID-x-icu,i,t,-1,,,en-ID,,153.121
12537,en-IE-x-icu,i,t,-1,,,en-IE,,153.121
12538,en-IL-x-icu,i,t,-1,,,en-IL,,153.121
12539,en-IM-x-icu,i,t,-1,,,en-IM,,153.121
12540,en-IN-x-icu,i,t,-1,,,en-IN,,153.121
12541,en-IO-x-icu,i,t,-1,,,en-IO,,153.121
12542,en-JE-x-icu,i,t,-1,,,en-JE,,153.121
12543,en-JM-x-icu,i,t,-1,,,en-JM,,153.121
12544,en-KE-x-icu,i,t,-1,,,en-KE,,153.121
12545,en-KI-x-icu,i,t,-1,,,en-KI,,153.121
12546,en-KN-x-icu,i,t,-1,,,en-KN,,153.121
12547,en-KY-x-icu,i,t,-1,,,en-KY,,153.121
12548,en-LC-x-icu,i,t,-1,,,en-LC,,153.121
12549,en-LR-x-icu,i,t,-1,,,en-LR,,153.121
12550,en-LS-x-icu,i,t,-1,,,en-LS,,153.121
12551,en-MG-x-icu,i,t,-1,,,en-MG,,153.121
12552,en-MH-x-icu,i,t,-1,,,en-MH,,153.121
12553,en-MO-x-icu,i,t,-1,,,en-MO,,153.121
12554,en-MP-x-icu,i,t,-1,,,en-MP,,153.121
12555,en-MS-x-icu,i,t,-1,,,en-MS,,153.121
12556,en-MT-x-icu,i,t,-1,,,en-MT,,153.121
12557,en-MU-x-icu,i,t,-1,,,en-MU,,153.121
12558,en-MV-x-icu,i,t,-1,,,en-MV,,153.121
12559,en-MW-x-icu,i,t,-1,,,en-MW,,153.121
12560,en-MY-x-icu,i,t,-1,,,en-MY,,153.121
12561,en-NA-x-icu,i,t,-1,,,en-NA,,153.121
12562,en-NF-x-icu,i,t,-1,,,en-NF,,153.121
12563,en-NG-x-icu,i,t,-1,,,en-NG,,153.121
12564,en-NL-x-icu,i,t,-1,,,en-NL,,153.121
12565,en-NR-x-icu,i,t,-1,,,en-NR,,153.121
12566,en-NU-x-icu,i,t,-1,,,en-NU,,153.121
12567,en-NZ-x-icu,i,t,-1,,,en-NZ,,153.121
12568,en-PG-x-icu,i,t,-1,,,en-PG,,153.121
12569,en-PH-x-icu,i,t,-1,,,en-PH,,153.121
12570,en-PK-x-icu,i,t,-1,,,en-PK,,153.121
12571,en-PN-x-icu,i,t,-1,,,en-PN,,153.121
12572,en-PR-x-icu,i,t,-1,,,en-PR,,153.121
12573,en-PW-x-icu,i,t,-1,,,en-PW,,153.121
12574,en-RW-x-icu,i,t,-1,,,en-RW,,153.121
12575,en-SB-x-icu,i,t,-1,,,en-SB,,153.121
12576,en-SC-x-icu,i,t,-1,,,en-SC,,153.121
12577,en-SD-x-icu,i,t,-1,,,en-SD,,153.121
12578,en-SE-x-icu,i,t,-1,,,en-SE,,153.121
12579,en-SG-x-icu,i,t,-1,,,en-SG,,153.121
12580,en-SH-x-icu,i,t,-1,,,en-SH,,153.121
12581,en-SI-x-icu,i,t,-1,,,en-SI,,153.121
12582,en-SL-x-icu,i,t,-1,,,en-SL,,153.121
12583,en-SS-x-icu,i,t,-1,,,en-SS,,153.121
12584,en-SX-x-icu,i,t,-1,,,en-SX,,153.121
12585,en-SZ-x-icu,i,t,-1,,,en-SZ,,153.121
12586,en-TC-x-icu,i,t,-1,,,en-TC,,153.121
12587,en-TK-x-icu,i,t,-1,,,en-TK,,153.121
12588,en-TO-x-icu,i,t,-1,,,en-TO,,153.121
12589,en-TT-x-icu,i,t,-1,,,en-TT,,153.121
12590,en-TV-x-icu,i,t,-1,,,en-TV,,153.121
12591,en-TZ-x-icu,i,t,-1,,,en-TZ,,153.121
12592,en-UG-x-icu,i,t,-1,,,en-UG,,153.121
12593,en-UM-x-icu,i,t,-1,,,en-UM,,153.121
12594,en-US-x-icu,i,t,-1,,,en-US,,153.121
12595,en-US-u-va-posix-x-icu,i,t,-1,,,en-US-u-va-posix,,153.121.44.8
12596,en-VC-x-icu,i,t,-1,,,en-VC,,153.121
12597,en-VG-x-icu,i,t,-1,,,en-VG,,153.121
12598,en-VI-x-icu,i,t,-1,,,en-VI,,153.121
12599,en-VU-x-icu,i,t,-1,,,en-VU,,153.121
12600,en-WS-x-icu,i,t,-1,,,en-WS,,153.121
12601,en-ZA-x-icu,i,t,-1,,,en-ZA,,153.121
12602,en-ZM-x-icu,i,t,-1,,,en-ZM,,153.121
12603,en-ZW-x-icu,i,t,-1,,,en-ZW,,153.121
12604,eo-x-icu,i,t,-1,,,eo,,153.121.44.8
12605,eo-001-x-icu,i,t,-1,,,eo-001,,153.121.44.8
12606,es-x-icu,i,t,-1,,,es,,153.121.44.8
12607,es-419-x-icu,i,t,-1,,,es-419,,153.121.44.8
12608,es-AR-x-icu,i,t,-1,,,es-AR,,153.121.44.8
12609,es-BO-x-icu,i,t,-1,,,es-BO,,153.121.44.8
12610,es-BR-x-icu,i,t,-1,,,es-BR,,153.121.44.8
12611,es-BZ-x-icu,i,t,-1,,,es-BZ,,153.121.44.8
12612,es-CL-x-icu,i,t,-1,,,es-CL,,153.121.44.8
12613,es-CO-x-icu,i,t,-1,,,es-CO,,153.121.44.8
12614,es-CR-x-icu,i,t,-1,,,es-CR,,153.121.44.8
12615,es-CU-x-icu,i,t,-1,,,es-CU,,153.121.44.8
12616,es-DO-x-icu,i,t,-1,,,es-DO,,153.121.44.8
12617,es-EA-x-icu,i,t,-1,,,es-EA,,153.121.44.8
12618,es-EC-x-icu,i,t,-1,,,es-EC,,153.121.44.8
12619,es-ES-x-icu,i,t,-1,,,es-ES,,153.121.44.8
12620,es-GQ-x-icu,i,t,-1,,,es-GQ,,153.121.44.8
12621,es-GT-x-icu,i,t,-1,,,es-GT,,153.121.44.8
12622,es-HN-x-icu,i,t,-1,,,es-HN,,153.121.44.8
12623,es-IC-x-icu,i,t,-1,,,es-IC,,153.121.44.8
12624,es-MX-x-icu,i,t,-1,,,es-MX,,153.121.44.8
12625,es-NI-x-icu,i,t,-1,,,es-NI,,153.121.44.8
12626,es-PA-x-icu,i,t,-1,,,es-PA,,153.121.44.8
12627,es-PE-x-icu,i,t,-1,,,es-PE,,153.121.44.8
12628,es-PH-x-icu,i,t,-1,,,es-PH,,153.121.44.8
12629,es-PR-x-icu,i,t,-1,,,es-PR,,153.121.44.8
12630,es-PY-x-icu,i,t,-1,,,es-PY,,153.121.44.8
12631,es-SV-x-icu,i,t,-1,,,es-SV,,153.121.44.8
12632,es-US-x-icu,i,t,-1,,,es-US,,153.121.44.8
12633,es-UY-x-icu,i,t,-1,,,es-UY,,153.121.44.8
12634,es-VE-x-icu,i,t,-1,,,es-VE,,153.121.44.8
12635,et-x-icu,i,t,-1,,,et,,153.121.44.8
12636,et-EE-x-icu,i,t,-1,,,et-EE,,153.121.44.8
12637,eu-x-icu,i,t,-1,,,eu,,153.121
12638,eu-ES-x-icu,i,t,-1,,,eu-ES,,153.121
12639,ewo-x-icu,i,t,-1,,,ewo,,153.121
12640,ewo-CM-x-icu,i,t,-1,,,ewo-CM,,153.121
12641,fa-x-icu,i,t,-1,,,fa,,153.121.44.8
12642,fa-AF-x-icu,i,t,-1,,,fa-AF,,153.121.44.8
12643,fa-IR-x-icu,i,t,-1,,,fa-IR,,153.121.44.8
12644,ff-x-icu,i,t,-1,,,ff,,153.121
12645,ff-Adlm-x-icu,i,t,-1,,,ff-Adlm,,153.121.44.8
12646,ff-Adlm-BF-x-icu,i,t,-1,,,ff-Adlm-BF,,153.121.44.8
12647,ff-Adlm-CM-x-icu,i,t,-1,,,ff-Adlm-CM,,153.121.44.8
12648,ff-Adlm-GH-x-icu,i,t,-1,,,ff-Adlm-GH,,153.121.44.8
12649,ff-Adlm-GM-x-icu,i,t,-1,,,ff-Adlm-GM,,153.121.44.8
12650,ff-Adlm-GN-x-icu,i,t,-1,,,ff-Adlm-GN,,153.121.44.8
12651,ff-Adlm-GW-x-icu,i,t,-1,,,ff-Adlm-GW,,153.121.44.8
12652,ff-Adlm-LR-x-icu,i,t,-1,,,ff-Adlm-LR,,153.121.44.8
12653,ff-Adlm-MR-x-icu,i,t,-1,,,ff-Adlm-MR,,153.121.44.8
12654,ff-Adlm-NE-x-icu,i,t,-1,,,ff-Adlm-NE,,153.121.44.8
12655,ff-Adlm-NG-x-icu,i,t,-1,,,ff-Adlm-NG,,153.121.44.8
12656,ff-Adlm-SL-x-icu,i,t,-1,,,ff-Adlm-SL,,153.121.44.8
12657,ff-Adlm-SN-x-icu,i,t,-1,,,ff-Adlm-SN,,153.121.44.8
12658,ff-Latn-x-icu,i,t,-1,,,ff-Latn,,153.121
12659,ff-Latn-BF-x-icu,i,t,-1,,,ff-Latn-BF,,153.121
12660,ff-Latn-CM-x-icu,i,t,-1,,,ff-Latn-CM,,153.121
12661,ff-Latn-GH-x-icu,i,t,-1,,,ff-Latn-GH,,153.121
12662,ff-Latn-GM-x-icu,i,t,-1,,,ff-Latn-GM,,153.121
12663,ff-Latn-GN-x-icu,i,t,-1,,,ff-Latn-GN,,153.121
12664,ff-Latn-GW-x-icu,i,t,-1,,,ff-Latn-GW,,153.121
12665,ff-Latn-LR-x-icu,i,t,-1,,,ff-Latn-LR,,153.121
12666,ff-Latn-MR-x-icu,i,t,-1,,,ff-Latn-MR,,153.121
12667,ff-Latn-NE-x-icu,i,t,-1,,,ff-Latn-NE,,153.121
12668,ff-Latn-NG-x-icu,i,t,-1,,,ff-Latn-NG,,153.121
12669,ff-Latn-SL-x-icu,i,t,-1,,,ff-Latn-SL,,153.121
12670,ff-Latn-SN-x-icu,i,t,-1,,,ff-Latn-SN,,153.121
12671,fi-x-icu,i,t,-1,,,fi,,153.121.44.8
12672,fi-FI-x-icu,i,t,-1,,,fi-FI,,153.121.44.8
12673,fil-x-icu,i,t,-1,,,fil,,153.121.44.8
12674,fil-PH-x-icu,i,t,-1,,,fil-PH,,153.121.44.8
12675,fo-x-icu,i,t,-1,,,fo,,153.121.44.8
12676,fo-DK-x-icu,i,t,-1,,,fo-DK,,153.121.44.8
12677,fo-FO-x-icu,i,t,-1,,,fo-FO,,153.121.44.8
12678,fr-x-icu,i,t,-1,,,fr,,153.121
12679,fr-BE-x-icu,i,t,-1,,,fr-BE,,153.121
12680,fr-BF-x-icu,i,t,-1,,,fr-BF,,153.121
12681,fr-BI-x-icu,i,t,-1,,,fr-BI,,153.121
12682,fr-BJ-x-icu,i,t,-1,,,fr-BJ,,153.121
12683,fr-BL-x-icu,i,t,-1,,,fr-BL,,153.121
12684,fr-CA-x-icu,i,t,-1,,,fr-CA,,153.121.44.8
12685,fr-CD-x-icu,i,t,-1,,,fr-CD,,153.121
12686,fr-CF-x-icu,i,t,-1,,,fr-CF,,153.121
12687,fr-CG-x-icu,i,t,-1,,,fr-CG,,153.121
12688,fr-CH-x-icu,i,t,-1,,,fr-CH,,153.121
12689,fr-CI-x-icu,i,t,-1,,,fr-CI,,153.121
12690,fr-CM-x-icu,i,t,-1,,,fr-CM,,153.121
12691,fr-DJ-x-icu,i,t,-1,,,fr-DJ,,153.121
12692,fr-DZ-x-icu,i,t,-1,,,fr-DZ,,153.121
12693,fr-FR-x-icu,i,t,-1,,,fr-FR,,153.121
12694,fr-GA-x-icu,i,t,-1,,,fr-GA,,153.121
12695,fr-GF-x-icu,i,t,-1,,,fr-GF,,153.121
12696,fr-GN-x-icu,i,t,-1,,,fr-GN,,153.121
12697,fr-GP-x-icu,i,t,-1,,,fr-GP,,153.121
12698,fr-GQ-x-icu,i,t,-1,,,fr-GQ,,153.121
12699,fr-HT-x-icu,i,t,-1,,,fr-HT,,153.121
12700,fr-KM-x-icu,i,t,-1,,,fr-KM,,153.121
12701,fr-LU-x-icu,i,t,-1,,,fr-LU,,153.121
12702,fr-MA-x-icu,i,t,-1,,,fr-MA,,153.121
12703,fr-MC-x-icu,i,t,-1,,,fr-MC,,153.121
12704,fr-MF-x-icu,i,t,-1,,,fr-MF,,153.121
12705,fr-MG-x-icu,i,t,-1,,,fr-MG,,153.121
12706,fr-ML-x-icu,i,t,-1,,,fr-ML,,153.121
12707,fr-MQ-x-icu,i,t,-1,,,fr-MQ,,153.121
12708,fr-MR-x-icu,i,t,-1,,,fr-MR,,153.121
12709,fr-MU-x-icu,i,t,-1,,,fr-MU,,153.121
12710,fr-NC-x-icu,i,t,-1,,,fr-NC,,153.121
12711,fr-NE-x-icu,i,t,-1,,,fr-NE,,153.121
12712,fr-PF-x-icu,i,t,-1,,,fr-PF,,153.121
12713,fr-PM-x-icu,i,t,-1,,,fr-PM,,153.121
12714,fr-RE-x-icu,i,t,-1,,,fr-RE,,153.121
12715,fr-RW-x-icu,i,t,-1,,,fr-RW,,153.121
12716,fr-SC-x-icu,i,t,-1,,,fr-SC,,153.121
12717,fr-SN-x-icu,i,t,-1,,,fr-SN,,153.121
12718,fr-SY-x-icu,i,t,-1,,,fr-SY,,153.121
12719,fr-TD-x-icu,i,t,-1,,,fr-TD,,153.121
12720,fr-TG-x-icu,i,t,-1,,,fr-TG,,153.121
12721,fr-TN-x-icu,i,t,-1,,,fr-TN,,153.121
12722,fr-VU-x-icu,i,t,-1,,,fr-VU,,153.121
12723,fr-WF-x-icu,i,t,-1,,,fr-WF,,153.121
12724,fr-YT-x-icu,i,t,-1,,,fr-YT,,153.121
12725,fur-x-icu,i,t,-1,,,fur,,153.121
12726,fur-IT-x-icu,i,t,-1,,,fur-IT,,153.121
12727,fy-x-icu,i,t,-1,,,fy,,153.121.44.8
12728,fy-NL-x-icu,i,t,-1,,,fy-NL,,153.121.44.8
12729,ga-x-icu,i,t,-1,,,ga,,153.121
12730,ga-GB-x-icu,i,t,-1,,,ga-GB,,153.121
12731,ga-IE-x-icu,i,t,-1,,,ga-IE,,153.121
12732,gd-x-icu,i,t,-1,,,gd,,153.121
12733,gd-GB-x-icu,i,t,-1,,,gd-GB,,153.121
12734,gl-x-icu,i,t,-1,,,gl,,153.121.44.8
12735,gl-ES-x-icu,i,t,-1,,,gl-ES,,153.121.44.8
12736,gsw-x-icu,i,t,-1,,,gsw,,153.121
12737,gsw-CH-x-icu,i,t,-1,,,gsw-CH,,153.121
12738,gsw-FR-x-icu,i,t,-1,,,gsw-FR,,153.121
12739,gsw-LI-x-icu,i,t,-1,,,gsw-LI,,153.121
12740,gu-x-icu,i,t,-1,,,gu,,153.121.44.8
12741,gu-IN-x-icu,i,t,-1,,,gu-IN,,153.121.44.8
12742,guz-x-icu,i,t,-1,,,guz,,153.121
12743,guz-KE-x-icu,i,t,-1,,,guz-KE,,153.121
12744,gv-x-icu,i,t,-1,,,gv,,153.121
12745,gv-IM-x-icu,i,t,-1,,,gv-IM,,153.121
12746,ha-x-icu,i,t,-1,,,ha,,153.121.44.8
12747,ha-GH-x-icu,i,t,-1,,,ha-GH,,153.121.44.8
12748,ha-NE-x-icu,i,t,-1,,,ha-NE,,153.121.44.8
12749,ha-NG-x-icu,i,t,-1,,,ha-NG,,153.121.44.8
12750,haw-x-icu,i,t,-1,,,haw,,153.121.44.8
12751,haw-US-x-icu,i,t,-1,,,haw-US,,153.121.44.8
12752,he-x-icu,i,t,-1,,,he,,153.121.44.8
12753,he-IL-x-icu,i,t,-1,,,he-IL,,153.121.44.8
12754,hi-x-icu,i,t,-1,,,hi,,153.121.44.8
12755,hi-IN-x-icu,i,t,-1,,,hi-IN,,153.121.44.8
12756,hi-Latn-x-icu,i,t,-1,,,hi-Latn,,153.121.44.8
12757,hi-Latn-IN-x-icu,i,t,-1,,,hi-Latn-IN,,153.121.44.8
12758,hr-x-icu,i,t,-1,,,hr,,153.121.44.8
12759,hr-BA-x-icu,i,t,-1,,,hr-BA,,153.121.44.8
12760,hr-HR-x-icu,i,t,-1,,,hr-HR,,153.121.44.8
12761,hsb-x-icu,i,t,-1,,,hsb,,153.121.44.8
12762,hsb-DE-x-icu,i,t,-1,,,hsb-DE,,153.121.44.8
12763,hu-x-icu,i,t,-1,,,hu,,153.121.44.8
12764,hu-HU-x-icu,i,t,-1,,,hu-HU,,153.121.44.8
12765,hy-x-icu,i,t,-1,,,hy,,153.121.44.8
12766,hy-AM-x-icu,i,t,-1,,,hy-AM,,153.121.44.8
12767,ia-x-icu,i,t,-1,,,ia,,153.121
12768,ia-001-x-icu,i,t,-1,,,ia-001,,153.121
12769,id-x-icu,i,t,-1,,,id,,153.121
12770,id-ID-x-icu,i,t,-1,,,id-ID,,153.121
12771,ie-x-icu,i,t,-1,,,ie,,153.121
12772,ie-EE-x-icu,i,t,-1,,,ie-EE,,153.121
12773,ig-x-icu,i,t,-1,,,ig,,153.121.44.8
12774,ig-NG-x-icu,i,t,-1,,,ig-NG,,153.121.44.8
12775,ii-x-icu,i,t,-1,,,ii,,153.121
12776,ii-CN-x-icu,i,t,-1,,,ii-CN,,153.121
12777,is-x-icu,i,t,-1,,,is,,153.121.44.8
12778,is-IS-x-icu,i,t,-1,,,is-IS,,153.121.44.8
12779,it-x-icu,i,t,-1,,,it,,153.121
12780,it-CH-x-icu,i,t,-1,,,it-CH,,153.121
12781,it-IT-x-icu,i,t,-1,,,it-IT,,153.121
12782,it-SM-x-icu,i,t,-1,,,it-SM,,153.121
12783,it-VA-x-icu,i,t,-1,,,it-VA,,153.121
12784,ja-x-icu,i,t,-1,,,ja,,153.121.44.8
12785,ja-JP-x-icu,i,t,-1,,,ja-JP,,153.121.44.8
12786,jgo-x-icu,i,t,-1,,,jgo,,153.121
12787,jgo-CM-x-icu,i,t,-1,,,jgo-CM,,153.121
12788,jmc-x-icu,i,t,-1,,,jmc,,153.121
12789,jmc-TZ-x-icu,i,t,-1,,,jmc-TZ,,153.121
12790,jv-x-icu,i,t,-1,,,jv,,153.121
12791,jv-ID-x-icu,i,t,-1,,,jv-ID,,153.121
12792,ka-x-icu,i,t,-1,,,ka,,153.121.44.8
12793,ka-GE-x-icu,i,t,-1,,,ka-GE,,153.121.44.8
12794,kab-x-icu,i,t,-1,,,kab,,153.121
12795,kab-DZ-x-icu,i,t,-1,,,kab-DZ,,153.121
12796,kam-x-icu,i,t,-1,,,kam,,153.121
12797,kam-KE-x-icu,i,t,-1,,,kam-KE,,153.121
12798,kde-x-icu,i,t,-1,,,kde,,153.121
12799,kde-TZ-x-icu,i,t,-1,,,kde-TZ,,153.121
12800,kea-x-icu,i,t,-1,,,kea,,153.121
12801,kea-CV-x-icu,i,t,-1,,,kea-CV,,153.121
12802,kgp-x-icu,i,t,-1,,,kgp,,153.121
12803,kgp-BR-x-icu,i,t,-1,,,kgp-BR,,153.121
12804,khq-x-icu,i,t,-1,,,khq,,153.121
12805,khq-ML-x-icu,i,t,-1,,,khq-ML,,153.121
12806,ki-x-icu,i,t,-1,,,ki,,153.121
12807,ki-KE-x-icu,i,t,-1,,,ki-KE,,153.121
12808,kk-x-icu,i,t,-1,,,kk,,153.121.44.8
12809,kk-KZ-x-icu,i,t,-1,,,kk-KZ,,153.121.44.8
12810,kkj-x-icu,i,t,-1,,,kkj,,153.121
12811,kkj-CM-x-icu,i,t,-1,,,kkj-CM,,153.121
12812,kl-x-icu,i,t,-1,,,kl,,153.121.44.8
12813,kl-GL-x-icu,i,t,-1,,,kl-GL,,153.121.44.8
12814,kln-x-icu,i,t,-1,,,kln,,153.121
12815,kln-KE-x-icu,i,t,-1,,,kln-KE,,153.121
12816,km-x-icu,i,t,-1,,,km,,153.121.44.8
12817,km-KH-x-icu,i,t,-1,,,km-KH,,153.121.44.8
12818,kn-x-icu,i,t,-1,,,kn,,153.121.44.8
12819,kn-IN-x-icu,i,t,-1,,,kn-IN,,153.121.44.8
12820,ko-x-icu,i,t,-1,,,ko,,153.121.44.8
12821,ko-CN-x-icu,i,t,-1,,,ko-CN,,153.121.44.8
12822,ko-KP-x-icu,i,t,-1,,,ko-KP,,153.121.44.8
12823,ko-KR-x-icu,i,t,-1,,,ko-KR,,153.121.44.8
12824,kok-x-icu,i,t,-1,,,kok,,153.121.44.8
12825,kok-IN-x-icu,i,t,-1,,,kok-IN,,153.121.44.8
12826,ks-x-icu,i,t,-1,,,ks,,153.121
12827,ks-Arab-x-icu,i,t,-1,,,ks-Arab,,153.121
12828,ks-Arab-IN-x-icu,i,t,-1,,,ks-Arab-IN,,153.121
12829,ks-Deva-x-icu,i,t,-1,,,ks-Deva,,153.121
12830,ks-Deva-IN-x-icu,i,t,-1,,,ks-Deva-IN,,153.121
12831,ksb-x-icu,i,t,-1,,,ksb,,153.121
12832,ksb-TZ-x-icu,i,t,-1,,,ksb-TZ,,153.121
12833,ksf-x-icu,i,t,-1,,,ksf,,153.121
12834,ksf-CM-x-icu,i,t,-1,,,ksf-CM,,153.121
12835,ksh-x-icu,i,t,-1,,,ksh,,153.121
12836,ksh-DE-x-icu,i,t,-1,,,ksh-DE,,153.121
12837,ku-x-icu,i,t,-1,,,ku,,153.121.44.8
12838,ku-TR-x-icu,i,t,-1,,,ku-TR,,153.121.44.8
12839,kw-x-icu,i,t,-1,,,kw,,153.121
12840,kw-GB-x-icu,i,t,-1,,,kw-GB,,153.121
12841,kxv-x-icu,i,t,-1,,,kxv,,153.121
12842,kxv-Deva-x-icu,i,t,-1,,,kxv-Deva,,153.121
12843,kxv-Deva-IN-x-icu,i,t,-1,,,kxv-Deva-IN,,153.121
12844,kxv-Latn-x-icu,i,t,-1,,,kxv-Latn,,153.121
12845,kxv-Latn-IN-x-icu,i,t,-1,,,kxv-Latn-IN,,153.121
12846,kxv-Orya-x-icu,i,t,-1,,,kxv-Orya,,153.121
12847,kxv-Orya-IN-x-icu,i,t,-1,,,kxv-Orya-IN,,153.121
12848,kxv-Telu-x-icu,i,t,-1,,,kxv-Telu,,153.121
12849,kxv-Telu-IN-x-icu,i,t,-1,,,kxv-Telu-IN,,153.121
12850,ky-x-icu,i,t,-1,,,ky,,153.121.44.8
12851,ky-KG-x-icu,i,t,-1,,,ky-KG,,153.121.44.8
12852,lag-x-icu,i,t,-1,,,lag,,153.121
12853,lag-TZ-x-icu,i,t,-1,,,lag-TZ,,153.121
12854,lb-x-icu,i,t,-1,,,lb,,153.121
12855,lb-LU-x-icu,i,t,-1,,,lb-LU,,153.121
12856,lg-x-icu,i,t,-1,,,lg,,153.121
12857,lg-UG-x-icu,i,t,-1,,,lg-UG,,153.121
12858,lij-x-icu,i,t,-1,,,lij,,153.121
12859,lij-IT-x-icu,i,t,-1,,,lij-IT,,153.121
12860,lkt-x-icu,i,t,-1,,,lkt,,153.121.44.8
12861,lkt-US-x-icu,i,t,-1,,,lkt-US,,153.121.44.8
12862,lmo-x-icu,i,t,-1,,,lmo,,153.121
12863,lmo-IT-x-icu,i,t,-1,,,lmo-IT,,153.121
12864,ln-x-icu,i,t,-1,,,ln,,153.121.44.8
12865,ln-AO-x-icu,i,t,-1,,,ln-AO,,153.121.44.8
12866,ln-CD-x-icu,i,t,-1,,,ln-CD,,153.121.44.8
12867,ln-CF-x-icu,i,t,-1,,,ln-CF,,153.121.44.8
12868,ln-CG-x-icu,i,t,-1,,,ln-CG,,153.121.44.8
12869,lo-x-icu,i,t,-1,,,lo,,153.121.44.8
12870,lo-LA-x-icu,i,t,-1,,,lo-LA,,153.121.44.8
12871,lrc-x-icu,i,t,-1,,,lrc,,153.121
12872,lrc-IQ-x-icu,i,t,-1,,,lrc-IQ,,153.121
12873,lrc-IR-x-icu,i,t,-1,,,lrc-IR,,153.121
12874,lt-x-icu,i,t,-1,,,lt,,153.121.44.8
12875,lt-LT-x-icu,i,t,-1,,,lt-LT,,153.121.44.8
12876,lu-x-icu,i,t,-1,,,lu,,153.121
12877,lu-CD-x-icu,i,t,-1,,,lu-CD,,153.121
12878,luo-x-icu,i,t,-1,,,luo,,153.121
12879,luo-KE-x-icu,i,t,-1,,,luo-KE,,153.121
12880,luy-x-icu,i,t,-1,,,luy,,153.121
12881,luy-KE-x-icu,i,t,-1,,,luy-KE,,153.121
12882,lv-x-icu,i,t,-1,,,lv,,153.121.44.8
12883,lv-LV-x-icu,i,t,-1,,,lv-LV,,153.121.44.8
12884,mai-x-icu,i,t,-1,,,mai,,153.121
12885,mai-IN-x-icu,i,t,-1,,,mai-IN,,153.121
12886,mas-x-icu,i,t,-1,,,mas,,153.121
12887,mas-KE-x-icu,i,t,-1,,,mas-KE,,153.121
12888,mas-TZ-x-icu,i,t,-1,,,mas-TZ,,153.121
12889,mer-x-icu,i,t,-1,,,mer,,153.121
12890,mer-KE-x-icu,i,t,-1,,,mer-KE,,153.121
12891,mfe-x-icu,i,t,-1,,,mfe,,153.121
12892,mfe-MU-x-icu,i,t,-1,,,mfe-MU,,153.121
12893,mg-x-icu,i,t,-1,,,mg,,153.121
12894,mg-MG-x-icu,i,t,-1,,,mg-MG,,153.121
12895,mgh-x-icu,i,t,-1,,,mgh,,153.121
12896,mgh-MZ-x-icu,i,t,-1,,,mgh-MZ,,153.121
12897,mgo-x-icu,i,t,-1,,,mgo,,153.121
12898,mgo-CM-x-icu,i,t,-1,,,mgo-CM,,153.121
12899,mi-x-icu,i,t,-1,,,mi,,153.121
12900,mi-NZ-x-icu,i,t,-1,,,mi-NZ,,153.121
12901,mk-x-icu,i,t,-1,,,mk,,153.121.44.8
12902,mk-MK-x-icu,i,t,-1,,,mk-MK,,153.121.44.8
12903,ml-x-icu,i,t,-1,,,ml,,153.121.44.8
12904,ml-IN-x-icu,i,t,-1,,,ml-IN,,153.121.44.8
12905,mn-x-icu,i,t,-1,,,mn,,153.121.44.8
12906,mn-MN-x-icu,i,t,-1,,,mn-MN,,153.121.44.8
12907,mni-x-icu,i,t,-1,,,mni,,153.121
12908,mni-Beng-x-icu,i,t,-1,,,mni-Beng,,153.121
12909,mni-Beng-IN-x-icu,i,t,-1,,,mni-Beng-IN,,153.121
12910,mr-x-icu,i,t,-1,,,mr,,153.121.44.8
12911,mr-IN-x-icu,i,t,-1,,,mr-IN,,153.121.44.8
12912,ms-x-icu,i,t,-1,,,ms,,153.121
12913,ms-BN-x-icu,i,t,-1,,,ms-BN,,153.121
12914,ms-ID-x-icu,i,t,-1,,,ms-ID,,153.121
12915,ms-MY-x-icu,i,t,-1,,,ms-MY,,153.121
12916,ms-SG-x-icu,i,t,-1,,,ms-SG,,153.121
12917,mt-x-icu,i,t,-1,,,mt,,153.121.44.8
12918,mt-MT-x-icu,i,t,-1,,,mt-MT,,153.121.44.8
12919,mua-x-icu,i,t,-1,,,mua,,153.121
12920,mua-CM-x-icu,i,t,-1,,,mua-CM,,153.121
12921,my-x-icu,i,t,-1,,,my,,153.121.44.8
12922,my-MM-x-icu,i,t,-1,,,my-MM,,153.121.44.8
12923,mzn-x-icu,i,t,-1,,,mzn,,153.121
12924,mzn-IR-x-icu,i,t,-1,,,mzn-IR,,153.121
12925,naq-x-icu,i,t,-1,,,naq,,153.121
12926,naq-NA-x-icu,i,t,-1,,,naq-NA,,153.121
12927,nb-x-icu,i,t,-1,,,nb,,153.121.44.8
12928,nb-NO-x-icu,i,t,-1,,,nb-NO,,153.121.44.8
12929,nb-SJ-x-icu,i,t,-1,,,nb-SJ,,153.121.44.8
12930,nd-x-icu,i,t,-1,,,nd,,153.121
12931,nd-ZW-x-icu,i,t,-1,,,nd-ZW,,153.121
12932,nds-x-icu,i,t,-1,,,nds,,153.121
12933,nds-DE-x-icu,i,t,-1,,,nds-DE,,153.121
12934,nds-NL-x-icu,i,t,-1,,,nds-NL,,153.121
12935,ne-x-icu,i,t,-1,,,ne,,153.121.44.8
12936,ne-IN-x-icu,i,t,-1,,,ne-IN,,153.121.44.8
12937,ne-NP-x-icu,i,t,-1,,,ne-NP,,153.121.44.8
12938,nl-x-icu,i,t,-1,,,nl,,153.121
12939,nl-AW-x-icu,i,t,-1,,,nl-AW,,153.121
12940,nl-BE-x-icu,i,t,-1,,,nl-BE,,153.121
12941,nl-BQ-x-icu,i,t,-1,,,nl-BQ,,153.121
12942,nl-CW-x-icu,i,t,-1,,,nl-CW,,153.121
12943,nl-NL-x-icu,i,t,-1,,,nl-NL,,153.121
12944,nl-SR-x-icu,i,t,-1,,,nl-SR,,153.121
12945,nl-SX-x-icu,i,t,-1,,,nl-SX,,153.121
12946,nmg-x-icu,i,t,-1,,,nmg,,153.121
12947,nmg-CM-x-icu,i,t,-1,,,nmg-CM,,153.121
12948,nn-x-icu,i,t,-1,,,nn,,153.121.44.8
12949,nn-NO-x-icu,i,t,-1,,,nn-NO,,153.121.44.8
12950,nnh-x-icu,i,t,-1,,,nnh,,153.121
12951,nnh-CM-x-icu,i,t,-1,,,nnh-CM,,153.121
12952,no-x-icu,i,t,-1,,,no,,153.121.44.8
12953,nqo-x-icu,i,t,-1,,,nqo,,153.121
12954,nqo-GN-x-icu,i,t,-1,,,nqo-GN,,153.121
12955,nus-x-icu,i,t,-1,,,nus,,153.121
12956,nus-SS-x-icu,i,t,-1,,,nus-SS,,153.121
12957,nyn-x-icu,i,t,-1,,,nyn,,153.121
12958,nyn-UG-x-icu,i,t,-1,,,nyn-UG,,153.121
12959,oc-x-icu,i,t,-1,,,oc,,153.121
12960,oc-ES-x-icu,i,t,-1,,,oc-ES,,153.121
12961,oc-FR-x-icu,i,t,-1,,,oc-FR,,153.121
12962,om-x-icu,i,t,-1,,,om,,153.121.44.8
12963,om-ET-x-icu,i,t,-1,,,om-ET,,153.121.44.8
12964,om-KE-x-icu,i,t,-1,,,om-KE,,153.121.44.8
12965,or-x-icu,i,t,-1,,,or,,153.121.44.8
12966,or-IN-x-icu,i,t,-1,,,or-IN,,153.121.44.8
12967,os-x-icu,i,t,-1,,,os,,153.121
12968,os-GE-x-icu,i,t,-1,,,os-GE,,153.121
12969,os-RU-x-icu,i,t,-1,,,os-RU,,153.121
12970,pa-x-icu,i,t,-1,,,pa,,153.121.44.8
12971,pa-Arab-x-icu,i,t,-1,,,pa-Arab,,153.121.44.8
12972,pa-Arab-PK-x-icu,i,t,-1,,,pa-Arab-PK,,153.121.44.8
12973,pa-Guru-x-icu,i,t,-1,,,pa-Guru,,153.121.44.8
12974,pa-Guru-IN-x-icu,i,t,-1,,,pa-Guru-IN,,153.121.44.8
12975,pcm-x-icu,i,t,-1,,,pcm,,153.121
12976,pcm-NG-x-icu,i,t,-1,,,pcm-NG,,153.121
12977,pl-x-icu,i,t,-1,,,pl,,153.121.44.8
12978,pl-PL-x-icu,i,t,-1,,,pl-PL,,153.121.44.8
12979,prg-x-icu,i,t,-1,,,prg,,153.121
12980,prg-PL-x-icu,i,t,-1,,,prg-PL,,153.121
12981,ps-x-icu,i,t,-1,,,ps,,153.121.44.8
12982,ps-AF-x-icu,i,t,-1,,,ps-AF,,153.121.44.8
12983,ps-PK-x-icu,i,t,-1,,,ps-PK,,153.121.44.8
12984,pt-x-icu,i,t,-1,,,pt,,153.121
12985,pt-AO-x-icu,i,t,-1,,,pt-AO,,153.121
12986,pt-BR-x-icu,i,t,-1,,,pt-BR,,153.121
12987,pt-CH-x-icu,i,t,-1,,,pt-CH,,153.121
12988,pt-CV-x-icu,i,t,-1,,,pt-CV,,153.121
12989,pt-GQ-x-icu,i,t,-1,,,pt-GQ,,153.121
12990,pt-GW-x-icu,i,t,-1,,,pt-GW,,153.121
12991,pt-LU-x-icu,i,t,-1,,,pt-LU,,153.121
12992,pt-MO-x-icu,i,t,-1,,,pt-MO,,153.121
12993,pt-MZ-x-icu,i,t,-1,,,pt-MZ,,153.121
12994,pt-PT-x-icu,i,t,-1,,,pt-PT,,153.121
12995,pt-ST-x-icu,i,t,-1,,,pt-ST,,153.121
12996,pt-TL-x-icu,i,t,-1,,,pt-TL,,153.121
12997,qu-x-icu,i,t,-1,,,qu,,153.121
12998,qu-BO-x-icu,i,t,-1,,,qu-BO,,153.121
12999,qu-EC-x-icu,i,t,-1,,,qu-EC,,153.121
13000,qu-PE-x-icu,i,t,-1,,,qu-PE,,153.121
13001,raj-x-icu,i,t,-1,,,raj,,153.121
13002,raj-IN-x-icu,i,t,-1,,,raj-IN,,153.121
13003,rm-x-icu,i,t,-1,,,rm,,153.121
13004,rm-CH-x-icu,i,t,-1,,,rm-CH,,153.121
13005,rn-x-icu,i,t,-1,,,rn,,153.121
13006,rn-BI-x-icu,i,t,-1,,,rn-BI,,153.121
13007,ro-x-icu,i,t,-1,,,ro,,153.121.44.8
13008,ro-MD-x-icu,i,t,-1,,,ro-MD,,153.121.44.8
13009,ro-RO-x-icu,i,t,-1,,,ro-RO,,153.121.44.8
13010,rof-x-icu,i,t,-1,,,rof,,153.121
13011,rof-TZ-x-icu,i,t,-1,,,rof-TZ,,153.121
13012,ru-x-icu,i,t,-1,,,ru,,153.121.44.8
13013,ru-BY-x-icu,i,t,-1,,,ru-BY,,153.121.44.8
13014,ru-KG-x-icu,i,t,-1,,,ru-KG,,153.121.44.8
13015,ru-KZ-x-icu,i,t,-1,,,ru-KZ,,153.121.44.8
13016,ru-MD-x-icu,i,t,-1,,,ru-MD,,153.121.44.8
13017,ru-RU-x-icu,i,t,-1,,,ru-RU,,153.121.44.8
13018,ru-UA-x-icu,i,t,-1,,,ru-UA,,153.121.44.8
13019,rw-x-icu,i,t,-1,,,rw,,153.121
13020,rw-RW-x-icu,i,t,-1,,,rw-RW,,153.121
13021,rwk-x-icu,i,t,-1,,,rwk,,153.121
13022,rwk-TZ-x-icu,i,t,-1,,,rwk-TZ,,153.121
13023,sa-x-icu,i,t,-1,,,sa,,153.121
13024,sa-IN-x-icu,i,t,-1,,,sa-IN,,153.121
13025,sah-x-icu,i,t,-1,,,sah,,153.121
13026,sah-RU-x-icu,i,t,-1,,,sah-RU,,153.121
13027,saq-x-icu,i,t,-1,,,saq,,153.121
13028,saq-KE-x-icu,i,t,-1,,,saq-KE,,153.121
13029,sat-x-icu,i,t,-1,,,sat,,153.121
13030,sat-Olck-x-icu,i,t,-1,,,sat-Olck,,153.121
13031,sat-Olck-IN-x-icu,i,t,-1,,,sat-Olck-IN,,153.121
13032,sbp-x-icu,i,t,-1,,,sbp,,153.121
13033,sbp-TZ-x-icu,i,t,-1,,,sbp-TZ,,153.121
13034,sc-x-icu,i,t,-1,,,sc,,153.121
13035,sc-IT-x-icu,i,t,-1,,,sc-IT,,153.121
13036,sd-x-icu,i,t,-1,,,sd,,153.121
13037,sd-Arab-x-icu,i,t,-1,,,sd-Arab,,153.121
13038,sd-Arab-PK-x-icu,i,t,-1,,,sd-Arab-PK,,153.121
13039,sd-Deva-x-icu,i,t,-1,,,sd-Deva,,153.121
13040,sd-Deva-IN-x-icu,i,t,-1,,,sd-Deva-IN,,153.121
13041,se-x-icu,i,t,-1,,,se,,153.121.44.8
13042,se-FI-x-icu,i,t,-1,,,se-FI,,153.121.44.8
13043,se-NO-x-icu,i,t,-1,,,se-NO,,153.121.44.8
13044,se-SE-x-icu,i,t,-1,,,se-SE,,153.121.44.8
13045,seh-x-icu,i,t,-1,,,seh,,153.121
13046,seh-MZ-x-icu,i,t,-1,,,seh-MZ,,153.121
13047,ses-x-icu,i,t,-1,,,ses,,153.121
13048,ses-ML-x-icu,i,t,-1,,,ses-ML,,153.121
13049,sg-x-icu,i,t,-1,,,sg,,153.121
13050,sg-CF-x-icu,i,t,-1,,,sg-CF,,153.121
13051,shi-x-icu,i,t,-1,,,shi,,153.121
13052,shi-Latn-x-icu,i,t,-1,,,shi-Latn,,153.121
13053,shi-Latn-MA-x-icu,i,t,-1,,,shi-Latn-MA,,153.121
13054,shi-Tfng-x-icu,i,t,-1,,,shi-Tfng,,153.121
13055,shi-Tfng-MA-x-icu,i,t,-1,,,shi-Tfng-MA,,153.121
13056,si-x-icu,i,t,-1,,,si,,153.121.44.8
13057,si-LK-x-icu,i,t,-1,,,si-LK,,153.121.44.8
13058,sk-x-icu,i,t,-1,,,sk,,153.121.44.8
13059,sk-SK-x-icu,i,t,-1,,,sk-SK,,153.121.44.8
13060,sl-x-icu,i,t,-1,,,sl,,153.121.44.8
13061,sl-SI-x-icu,i,t,-1,,,sl-SI,,153.121.44.8
13062,smn-x-icu,i,t,-1,,,smn,,153.121.44.8
13063,smn-FI-x-icu,i,t,-1,,,smn-FI,,153.121.44.8
13064,sn-x-icu,i,t,-1,,,sn,,153.121
13065,sn-ZW-x-icu,i,t,-1,,,sn-ZW,,153.121
13066,so-x-icu,i,t,-1,,,so,,153.121
13067,so-DJ-x-icu,i,t,-1,,,so-DJ,,153.121
13068,so-ET-x-icu,i,t,-1,,,so-ET,,153.121
13069,so-KE-x-icu,i,t,-1,,,so-KE,,153.121
13070,so-SO-x-icu,i,t,-1,,,so-SO,,153.121
13071,sq-x-icu,i,t,-1,,,sq,,153.121.44.8
13072,sq-AL-x-icu,i,t,-1,,,sq-AL,,153.121.44.8
13073,sq-MK-x-icu,i,t,-1,,,sq-MK,,153.121.44.8
13074,sq-XK-x-icu,i,t,-1,,,sq-XK,,153.121.44.8
13075,sr-x-icu,i,t,-1,,,sr,,153.121.44.8
13076,sr-Cyrl-x-icu,i,t,-1,,,sr-Cyrl,,153.121.44.8
13077,sr-Cyrl-BA-x-icu,i,t,-1,,,sr-Cyrl-BA,,153.121.44.8
13078,sr-Cyrl-ME-x-icu,i,t,-1,,,sr-Cyrl-ME,,153.121.44.8
13079,sr-Cyrl-RS-x-icu,i,t,-1,,,sr-Cyrl-RS,,153.121.44.8
13080,sr-Cyrl-XK-x-icu,i,t,-1,,,sr-Cyrl-XK,,153.121.44.8
13081,sr-Latn-x-icu,i,t,-1,,,sr-Latn,,153.121.44.8
13082,sr-Latn-BA-x-icu,i,t,-1,,,sr-Latn-BA,,153.121.44.8
13083,sr-Latn-ME-x-icu,i,t,-1,,,sr-Latn-ME,,153.121.44.8
13084,sr-Latn-RS-x-icu,i,t,-1,,,sr-Latn-RS,,153.121.44.8
13085,sr-Latn-XK-x-icu,i,t,-1,,,sr-Latn-XK,,153.121.44.8
13086,su-x-icu,i,t,-1,,,su,,153.121
13087,su-Latn-x-icu,i,t,-1,,,su-Latn,,153.121
13088,su-Latn-ID-x-icu,i,t,-1,,,su-Latn-ID,,153.121
13089,sv-x-icu,i,t,-1,,,sv,,153.121.44.8
13090,sv-AX-x-icu,i,t,-1,,,sv-AX,,153.121.44.8
13091,sv-FI-x-icu,i,t,-1,,,sv-FI,,153.121.44.8
13092,sv-SE-x-icu,i,t,-1,,,sv-SE,,153.121.44.8
13093,sw-x-icu,i,t,-1,,,sw,,153.121
13094,sw-CD-x-icu,i,t,-1,,,sw-CD,,153.121
13095,sw-KE-x-icu,i,t,-1,,,sw-KE,,153.121
13096,sw-TZ-x-icu,i,t,-1,,,sw-TZ,,153.121
13097,sw-UG-x-icu,i,t,-1,,,sw-UG,,153.121
13098,syr-x-icu,i,t,-1,,,syr,,153.121
13099,syr-IQ-x-icu,i,t,-1,,,syr-IQ,,153.121
13100,syr-SY-x-icu,i,t,-1,,,syr-SY,,153.121
13101,szl-x-icu,i,t,-1,,,szl,,153.121
13102,szl-PL-x-icu,i,t,-1,,,szl-PL,,153.121
13103,ta-x-icu,i,t,-1,,,ta,,153.121.44.8
13104,ta-IN-x-icu,i,t,-1,,,ta-IN,,153.121.44.8
13105,ta-LK-x-icu,i,t,-1,,,ta-LK,,153.121.44.8
13106,ta-MY-x-icu,i,t,-1,,,ta-MY,,153.121.44.8
13107,ta-SG-x-icu,i,t,-1,,,ta-SG,,153.121.44.8
13108,te-x-icu,i,t,-1,,,te,,153.121.44.8
13109,te-IN-x-icu,i,t,-1,,,te-IN,,153.121.44.8
13110,teo-x-icu,i,t,-1,,,teo,,153.121
13111,teo-KE-x-icu,i,t,-1,,,teo-KE,,153.121
13112,teo-UG-x-icu,i,t,-1,,,teo-UG,,153.121
13113,tg-x-icu,i,t,-1,,,tg,,153.121
13114,tg-TJ-x-icu,i,t,-1,,,tg-TJ,,153.121
13115,th-x-icu,i,t,-1,,,th,,153.121.44.8
13116,th-TH-x-icu,i,t,-1,,,th-TH,,153.121.44.8
13117,ti-x-icu,i,t,-1,,,ti,,153.121
13118,ti-ER-x-icu,i,t,-1,,,ti-ER,,153.121
13119,ti-ET-x-icu,i,t,-1,,,ti-ET,,153.121
13120,tk-x-icu,i,t,-1,,,tk,,153.121.44.8
13121,tk-TM-x-icu,i,t,-1,,,tk-TM,,153.121.44.8
13122,to-x-icu,i,t,-1,,,to,,153.121.44.8
13123,to-TO-x-icu,i,t,-1,,,to-TO,,153.121.44.8
13124,tok-x-icu,i,t,-1,,,tok,,153.121
13125,tok-001-x-icu,i,t,-1,,,tok-001,,153.121
13126,tr-x-icu,i,t,-1,,,tr,,153.121.44.8
13127,tr-CY-x-icu,i,t,-1,,,tr-CY,,153.121.44.8
13128,tr-TR-x-icu,i,t,-1,,,tr-TR,,153.121.44.8
13129,tt-x-icu,i,t,-1,,,tt,,153.121
13130,tt-RU-x-icu,i,t,-1,,,tt-RU,,153.121
13131,twq-x-icu,i,t,-1,,,twq,,153.121
13132,twq-NE-x-icu,i,t,-1,,,twq-NE,,153.121
13133,tzm-x-icu,i,t,-1,,,tzm,,153.121
13134,tzm-MA-x-icu,i,t,-1,,,tzm-MA,,153.121
13135,ug-x-icu,i,t,-1,,,ug,,153.121.44.8
13136,ug-CN-x-icu,i,t,-1,,,ug-CN,,153.121.44.8
13137,uk-x-icu,i,t,-1,,,uk,,153.121.44.8
13138,uk-UA-x-icu,i,t,-1,,,uk-UA,,153.121.44.8
13139,ur-x-icu,i,t,-1,,,ur,,153.121.44.8
13140,ur-IN-x-icu,i,t,-1,,,ur-IN,,153.121.44.8
13141,ur-PK-x-icu,i,t,-1,,,ur-PK,,153.121.44.8
13142,uz-x-icu,i,t,-1,,,uz,,153.121.44.8
13143,uz-Arab-x-icu,i,t,-1,,,uz-Arab,,153.121.44.8
13144,uz-Arab-AF-x-icu,i,t,-1,,,uz-Arab-AF,,153.121.44.8
13145,uz-Cyrl-x-icu,i,t,-1,,,uz-Cyrl,,153.121.44.8
13146,uz-Cyrl-UZ-x-icu,i,t,-1,,,uz-Cyrl-UZ,,153.121.44.8
13147,uz-Latn-x-icu,i,t,-1,,,uz-Latn,,153.121.44.8
13148,uz-Latn-UZ-x-icu,i,t,-1,,,uz-Latn-UZ,,153.121.44.8
13149,vai-x-icu,i,t,-1,,,vai,,153.121
13150,vai-Latn-x-icu,i,t,-1,,,vai-Latn,,153.121
13151,vai-Latn-LR-x-icu,i,t,-1,,,vai-Latn-LR,,153.121
13152,vai-Vaii-x-icu,i,t,-1,,,vai-Vaii,,153.121
13153,vai-Vaii-LR-x-icu,i,t,-1,,,vai-Vaii-LR,,153.121
13154,vec-x-icu,i,t,-1,,,vec,,153.121
13155,vec-IT-x-icu,i,t,-1,,,vec-IT,,153.121
13156,vi-x-icu,i,t,-1,,,vi,,153.121.44.8
13157,vi-VN-x-icu,i,t,-1,,,vi-VN,,153.121.44.8
13158,vmw-x-icu,i,t,-1,,,vmw,,153.121
13159,vmw-MZ-x-icu,i,t,-1,,,vmw-MZ,,153.121
13160,vun-x-icu,i,t,-1,,,vun,,153.121
13161,vun-TZ-x-icu,i,t,-1,,,vun-TZ,,153.121
13162,wae-x-icu,i,t,-1,,,wae,,153.121
13163,wae-CH-x-icu,i,t,-1,,,wae-CH,,153.121
13164,wo-x-icu,i,t,-1,,,wo,,153.121.44.8
13165,wo-SN-x-icu,i,t,-1,,,wo-SN,,153.121.44.8
13166,xh-x-icu,i,t,-1,,,xh,,153.121
13167,xh-ZA-x-icu,i,t,-1,,,xh-ZA,,153.121
13168,xnr-x-icu,i,t,-1,,,xnr,,153.121
13169,xnr-IN-x-icu,i,t,-1,,,xnr-IN,,153.121
13170,xog-x-icu,i,t,-1,,,xog,,153.121
13171,xog-UG-x-icu,i,t,-1,,,xog-UG,,153.121
13172,yav-x-icu,i,t,-1,,,yav,,153.121
13173,yav-CM-x-icu,i,t,-1,,,yav-CM,,153.121
13174,yi-x-icu,i,t,-1,,,yi,,153.121.44.8
13175,yi-UA-x-icu,i,t,-1,,,yi-UA,,153.121.44.8
13176,yo-x-icu,i,t,-1,,,yo,,153.121.44.8
13177,yo-BJ-x-icu,i,t,-1,,,yo-BJ,,153.121.44.8
13178,yo-NG-x-icu,i,t,-1,,,yo-NG,,153.121.44.8
13179,yrl-x-icu,i,t,-1,,,yrl,,153.121
13180,yrl-BR-x-icu,i,t,-1,,,yrl-BR,,153.121
13181,yrl-CO-x-icu,i,t,-1,,,yrl-CO,,153.121
13182,yrl-VE-x-icu,i,t,-1,,,yrl-VE,,153.121
13183,yue-x-icu,i,t,-1,,,yue,,153.121.44.8
13184,yue-Hans-x-icu,i,t,-1,,,yue-Hans,,153.121.44.8
13185,yue-Hans-CN-x-icu,i,t,-1,,,yue-Hans-CN,,153.121.44.8
13186,yue-Hant-x-icu,i,t,-1,,,yue-Hant,,153.121.44.8
13187,yue-Hant-HK-x-icu,i,t,-1,,,yue-Hant-HK,,153.121.44.8
13188,za-x-icu,i,t,-1,,,za,,153.121
13189,za-CN-x-icu,i,t,-1,,,za-CN,,153.121
13190,zgh-x-icu,i,t,-1,,,zgh,,153.121
13191,zgh-MA-x-icu,i,t,-1,,,zgh-MA,,153.121
13192,zh-x-icu,i,t,-1,,,zh,,153.121.44.8
13193,zh-Hans-x-icu,i,t,-1,,,zh-Hans,,153.121.44.8
13194,zh-Hans-CN-x-icu,i,t,-1,,,zh-Hans-CN,,153.121.44.8
13195,zh-Hans-HK-x-icu,i,t,-1,,,zh-Hans-HK,,153.121.44.8
13196,zh-Hans-MO-x-icu,i,t,-1,,,zh-Hans-MO,,153.121.44.8
13197,zh-Hans-SG-x-icu,i,t,-1,,,zh-Hans-SG,,153.121.44.8
13198,zh-Hant-x-icu,i,t,-1,,,zh-Hant,,153.121.44.8
13199,zh-Hant-HK-x-icu,i,t,-1,,,zh-Hant-HK,,153.121.44.8
13200,zh-Hant-MO-x-icu,i,t,-1,,,zh-Hant-MO,,153.121.44.8
13201,zh-Hant-TW-x-icu,i,t,-1,,,zh-Hant-TW,,153.121.44.8
13202,zu-x-icu,i,t,-1,,,zu,,153.121
13203,zu-ZA-x-icu,i,t,-1,,,zu-ZA,,153.121
